{
  "totalTrades": 32,
  "profitableTrades": 21,
  "losingTrades": 11,
  "winRate": 0.65625,
  "averageProfitPerTrade": -12.097594204293438,
  "averageWin": 27.177272388606774,
  "averageLoss": -87.07688497255747,
  "largestWin": 33.92949341677681,
  "largestLoss": -191.2739248320698,
  "profitByExitReason": {
    "SIGNAL": -820.9206417761595,
    "TAKE_PROFIT": 433.79762723876973,
    "LIQUIDATION": 0
  },
  "tradesByExitReason": {
    "SIGNAL": 19,
    "TAKE_PROFIT": 13,
    "LIQUIDATION": 0
  }
}