{
  "totalTrades": 21,
  "profitableTrades": 14,
  "losingTrades": 7,
  "winRate": 0.6666666666666666,
  "averageProfitPerTrade": 41.22207348849666,
  "averageWin": 257.6056544544204,
  "averageLoss": -391.5450884433506,
  "largestWin": 327.5414742090567,
  "largestLoss": -818.182309738288,
  "profitByExitReason": {
    "SIGNAL": -2157.1185009815144,
    "TAKE_PROFIT": 3234.7972762399454,
    "LIQUIDATION": -212.01523199999997
  },
  "tradesByExitReason": {
    "SIGNAL": 9,
    "TAKE_PROFIT": 11,
    "LIQUIDATION": 1
  }
}